jorge;cobian;vidal;A Coruña;20/Octubre/2005;España;1111;1111
usuarioPrueba;p;p;p;p;prueba;prueba;prueba
Amor;Sebastián;Fuertes;Cañada de Herminia Pérez 87 Piso 7  Soria, 20828;01/08/1998;Palau;8c)g8!ZU;8c)g8!ZU
Sara;Viña;Quintanilla;Camino Perla Falcó 78 Huelva, 96457;30/08/1951;Rwanda;fZPaY^y8;fZPaY^y8
Teófila;Giménez;Velasco;Cañada Venceslás Cabeza 1 Navarra, 93272;12/04/1987;Fiji;`(_i=vXu;`(_i=vXu
Marcos;Báez;Cano;Pasaje Ruth Valero 35 Burgos, 61069;17/12/1978;Barbados;7t(|7x~N;7t(|7x~N
Florina;Ramos;Sola;Cuesta de Visitación Toledo 511 Piso 5  Valencia, 15106;02/06/1949;Canadá;l!C^gxox;l!C^gxox
Antonio;Cañete;Osorio;Paseo de Adelia Pedraza 70 Puerta 2  Asturias, 96660;25/01/1979;Georgia;"DA""Q&:Xj";"DA""Q&:Xj"
Silvia;Borrego;Morante;Glorieta Feliciana Carbó 22 Ciudad, 50406;24/07/1946;Micronesia;!s33Uc/.;!s33Uc/.
Vilma;Palomino;Robledo;Alameda Aristides Lasa 56 La Coruña, 22471;10/11/1982;Bélgica;U[imh):2;U[imh):2
Teodoro;Bilbao;Torre;Callejón Calixta Acevedo 13 Ávila, 62267;27/12/1992;Rwanda;v0[Zl=mJ;v0[Zl=mJ
Cristóbal;Sánchez;Amaya;Callejón de Jovita Pareja 55 Piso 4  Segovia, 44442;01/06/1955;Niger;(m&9x,M&;(m&9x,M&
Silvio;Merino;Guitart;C. de Cintia Nogués 99 Piso 5  Cantabria, 17701;03/03/1967;Armenia;A(_c!yQr;A(_c!yQr
Chema;Aragonés;Galindo;Alameda de Rosaura Quintana 62 Soria, 05848;20/04/2001;Paraguay;"!iPg%;U`";"!iPg%;U`"
Elpidio;Clemente;Sánchez;Camino de Rebeca Ávila 17 Piso 6  Jaén, 48840;14/01/1961;Mozambique;MR1}4Jsu;MR1}4Jsu
Daniela;Cabeza;Campos;Pasaje de Ismael Torrijos 10 Melilla, 90266;26/03/1966;Bahrein;(v\5-)`$;(v\5-)`$
Andrea;Quesada;Torrents;Alameda de Primitivo Perales 3 Valencia, 80087;09/08/1972;Kazajstán;"8N'""4""=y";"8N'""4""=y"
Teresita;Lerma;Goñi;Pasaje Reyes Tejada 74 Puerta 8  Salamanca, 48192;16/07/1990;Italia;kY,-Cdih;kY,-Cdih
Fabio;Cazorla;Torrent;Pasadizo Álvaro Carretero 89 Puerta 7  Cuenca, 82406;16/10/1956;Burundi;NR]{`psQ;NR]{`psQ
Bernabé;Solana;Lerma;Camino de Jordán Osorio 477 Cantabria, 77187;30/12/1999;Brunei Darussalam;,~ge]&IM;,~ge]&IM
Custodia;Amigó;Ramos;Urbanización Roque Torres 96 Apt. 60  Sevilla, 13756;12/12/1999;Santo Tomé y Príncipe;??lUHV(x;??lUHV(x
Dani;Oller;Alfaro;Plaza Renato Gras 64 Piso 1  Pontevedra, 36539;26/03/1991;Angola;Z^N--u**;Z^N--u**
Andrés Felipe;Mesa;Batalla;Rambla Azahara Beltrán 46 Puerta 1  Alicante, 26439;27/09/2002;Afganistán;)2#GD<x#;)2#GD<x#
Cintia;Baquero;Alemán;Cuesta de Mirta Menendez 160 Piso 9  Ávila, 02741;03/05/1973;Irán;+*|bKG-^;+*|bKG-^
Calixto;Caro;Torres;Paseo Carlos Porcel 72 Piso 7  Cáceres, 65677;17/06/1989;Zimbabwe;}iFx@1$/;}iFx@1$/
Jordi;Antúnez;Riquelme;Via Cayetana Anaya 2 Piso 7  Navarra, 22604;11/02/2002;Kazajstán;"Na[XYNa;";"Na[XYNa;"
Rómulo;Valentín;Pujol;Alameda Rosaura Alberto 152 Lugo, 62594;29/08/1970;República de Corea;V4FFA`@,;V4FFA`@,
Ani;Pla;Abascal;Alameda de Isaías Alcalde 95 Puerta 4  Palencia, 24702;18/01/1968;Cuba;bns[+H'!;bns[+H'!
Amaya;Uriarte;Bravo;Vial Iker Aranda 9 Puerta 6  Cáceres, 20696;02/01/1944;Gabón;^Q{wfip.;^Q{wfip.
Odalys;Cáceres;Vives;Camino Marcela Naranjo 97 Lleida, 78996;14/07/1978;República Unida de Tanzanía;$'<yvUwp;$'<yvUwp
Verónica;Real;Clavero;Calle de Encarna Vigil 9 Valladolid, 87220;21/03/1989;Noruega;muO{-4tf;muO{-4tf
Carlota;Ferrer;Diego;calle teniente Fuentes pila;10/12/2007;España;1111;1111Tomas;Diaz;Lobon;Oleiros;1/Diciembre/2005;Español;1111;1111
jorge;cobian;vidal;A Coruña;20/Octubre/2005;Español;1111;1111
